{
	"system" : {
		"platform" : "windows64",
		"os_name" : "Windows 10",
		"os_version" : "10.0"
	},
	"error" : {
		"executable" : "quartus",
		"comment" : "not_applicable",
		"error_message" : "glyph_itr == end_glyph_itr",
		"source_file" : "/quartus/edt/wedtq/wedtq_count_value_dlg.cpp",
		"line" : "82",
		"stack_trace" : "\t0x7ffeac2c85ff: edt_wedtq + 0x85ff (?set_details@WEDTQ_COUNT_VALUE_DLG@@IEAAXXZ + 0xbf)\n\t0x7ffeac2c6dc7: edt_wedtq + 0x6dc7 (??0WEDTQ_COUNT_VALUE_DLG@@QEAA@PEAVQWidget@@@Z + 0xb7)\n\t0x7ffeac317f4c: edt_wedtq + 0x57f4c (?update_overwrite_counter_value@WEDTQ_WAVEFORM_VIEW@@QEAAXXZ + 0x7c)\n\t 0x5716d700: QtCore4 + 0x11d700 (?activate@QMetaObject@@SAXPEAVQObject@@PEBU1@HPEAPEAX@Z + 0x520)\n\t 0x5734a09f: QtGui4 + 0xa09f (?activate@QAction@@QEAAXW4ActionEvent@1@@Z + 0xdf)\n\t 0x576885b5: QtGui4 + 0x3485b5 (?click@QAbstractButton@@QEAAXXZ + 0x135)\n\t 0x57689499: QtGui4 + 0x349499 (?mouseReleaseEvent@QAbstractButton@@MEAAXPEAVQMouseEvent@@@Z + 0x59)\n\t 0x57734e7e: QtGui4 + 0x3f4e7e (?mouseReleaseEvent@QToolButton@@MEAAXPEAVQMouseEvent@@@Z + 0xe)\n\t 0x573a1b84: QtGui4 + 0x61b84 (?event@QWidget@@MEAA_NPEAVQEvent@@@Z + 0xd4)\n\t 0x57362c55: QtGui4 + 0x22c55 (?notify_helper@QApplicationPrivate@@QEAA_NPEAVQObject@@PEAVQEvent@@@Z + 0xf5)\n\t 0x5736184e: QtGui4 + 0x2184e (?notify@QApplication@@UEAA_NPEAVQObject@@PEAVQEvent@@@Z + 0x71e)\n\t 0x5715ec4b: QtCore4 + 0x10ec4b (?notifyInternal@QCoreApplication@@AEAA_NPEAVQObject@@PEAVQEvent@@@Z + 0x7b)\n\t 0x57365a9e: QtGui4 + 0x25a9e (?sendMouseEvent@QApplicationPrivate@@SA_NPEAVQWidget@@PEAVQMouseEvent@@00PEAPEAV2@AEAV?$QPointer@VQWidget@@@@_N@Z + 0x1de)\n\t 0x573c6940: QtGui4 + 0x86940 (?trUtf8@QScrollBar@@SA?AVQString@@PEBD0H@Z + 0x1440)\n\t 0x573ca301: QtGui4 + 0x8a301 (?winMouseButtonUp@QApplication@@SAXXZ + 0x2761)\n\t0x7ffeecab5c1c: USER32 + 0x15c1c (CallWindowProcW + 0x3bc)\n\t0x7ffeecab5611: USER32 + 0x15611 (DispatchMessageW + 0x1f1)\n\t 0x57183982: QtCore4 + 0x133982 (?processEvents@QEventDispatcherWin32@@UEAA_NV?$QFlags@W4ProcessEventsFlag@QEventLoop@@@@@Z + 0x3e2)\n\t 0x573c2004: QtGui4 + 0x82004 (?openPopup@QApplicationPrivate@@QEAAXPEAVQWidget@@@Z + 0x204)\n\t 0x5715bb7b: QtCore4 + 0x10bb7b (?exec@QEventLoop@@QEAAHV?$QFlags@W4ProcessEventsFlag@QEventLoop@@@@@Z + 0x22b)\n\t 0x5715e18f: QtCore4 + 0x10e18f (?exec@QCoreApplication@@SAHXZ + 0xdf)\n\t0x7ff60eda198b: quartus + 0x198b (?qgq_main@@YAHHPEAPEBD@Z + 0x8b)\n\t0x7ffedd3f33a8: CCL_MSG + 0x133a8 (?msg_main_thread@@YAPEAXPEAX@Z + 0x18)\n\t0x7ffedd3f4bae: CCL_MSG + 0x14bae (?msg_thread_wrapper@@YAPEAXP6APEAXPEAX@Z0@Z + 0x6e)\n\t0x7ffeddf46af0: ccl_mem + 0x16af0 (?mem_thread_wrapper@@YAPEAXP6APEAXPEAX@Z0@Z + 0x70)\n\t0x7ffedd3f2c41: CCL_MSG + 0x12c41 (?msg_exe_main@@YAHHPEAPEBDP6AHH0@Z@Z + 0xa1)\n\t0x7ff60eda2777: quartus + 0x2777 (WinMain + 0x127)\n\t0x7ff60eda1f40: quartus + 0x1f40 (__tmainCRTStartup + 0x148)\n\t0x7ffeee057c23: KERNEL32 + 0x17c23 (BaseThreadInitThunk + 0x13)\n\t0x7ffeee46d4d0: ntdll + 0x6d4d0 (RtlUserThreadStart + 0x20)\n",
		"subsystem" : "WEDTQ"
	},
	"quartus" : {
		"quartus_bits" : "64",
		"version" : "19.1.0",
		"build" : "670",
		"edition" : "Lite Edition"
	}
}