{
	"partitions" : [
		{
			"name" : "Top",
			"pins" : [
				{
					"name" : "data_valid",
					"strict" : false
				},
				{
					"name" : "rw",
					"strict" : false
				},
				{
					"name" : "reg_addr[0]",
					"strict" : false
				},
				{
					"name" : "reg_addr[1]",
					"strict" : false
				},
				{
					"name" : "reg_addr[2]",
					"strict" : false
				},
				{
					"name" : "reg_addr[3]",
					"strict" : false
				},
				{
					"name" : "reg_addr[4]",
					"strict" : false
				},
				{
					"name" : "reg_addr[5]",
					"strict" : false
				},
				{
					"name" : "reg_data[2]",
					"strict" : false
				},
				{
					"name" : "reg_data[3]",
					"strict" : false
				},
				{
					"name" : "core_busy",
					"strict" : false
				},
				{
					"name" : "clk",
					"strict" : false
				},
				{
					"name" : "rst",
					"strict" : false
				}
			]
		}
	]
}